{"cameraMode":{"drawMode":0,"name":"Shaded","section":"Shading Mode"},"sceneLighting":true,"audioPlay":false,"sceneViewState":{"showFog":true,"showMaterialUpdate":false,"showSkybox":true,"showFlares":true,"showImageEffects":true,"showParticleSystems":true},"in2DMode":false,"pivot":{"x":-0.036448098719120029,"y":0.9191522598266602,"z":-1.5774235725402833},"rotation":{"x":-0.011955183930695057,"y":-0.9717824459075928,"z":0.23010167479515077,"w":-0.05049028992652893},"size":0.9835883975028992,"orthographic":false}